Forecast;Station_A;Station_B;Station_C;Station_D
0.00;0;0;0;0
0.00;0;0;0;0
0.00;0;0;0;0
0.00;0;0;0;0
0.00;0;0;0;0
0.00;0;0;0;0
0.00;0;0;0;0
0.50;0.486165567;0.516836418;0.504538203;0.530387812
16.40;16.3743546;16.79561455;16.89457748;16.76519312
37.60;39.01761346;37.64567956;38.87779525;35.49137268
54.00;53.21511799;54.03716098;54.66681873;51.40839323
64.50;65.49274128;62.24368986;66.03266088;62.44417017
68.30;68.90340383;71.12251748;69.57744843;63.83571583
65.20;67.60992319;66.06570739;67.64021995;61.21118196
55.30;54.51217153;56.3170786;55.70106566;55.55936783
39.40;39.29482922;36.81384155;40.31841998;41.88069982
18.60;18.00391313;19.83881448;17.35604;17.97574987
1.10;1.073104017;1.075329527;1.137113482;1.058967612
0.00;0;0;0;0
0.00;0;0;0;0
0.00;0;0;0;0
0.00;0;0;0;0
0.00;0;0;0;0
0.00;0;0;0;0
0.00;0;0;0;0
0.00;0;0;0;0
0.00;0;0;0;0
0.00;0;0;0;0
0.00;0;0;0;0
0.00;0;0;0;0
0.00;0;0;0;0
0.50;0.517992242;0.529386148;0.528649438;0.532697001
16.40;16.60427625;16.72608486;16.55394301;17.18444731
37.60;40.09297841;39.22996578;38.13803692;39.77230672
54.10;52.06715554;51.27135844;52.42841303;54.94788641
64.70;62.32998147;69.35177091;69.18623901;59.67264412
68.50;69.53355904;64.72542884;67.9710865;68.04925314
65.40;65.05470128;62.26406061;61.91877645;63.52676515
55.60;55.58893078;51.65721827;55.3765196;53.16107373
39.70;39.65982906;36.90509485;41.36413932;42.55814448
18.90;18.98045338;19.02152706;17.58505088;18.30283277
1.20;1.268573422;1.176226599;1.111102055;1.147214441
0.00;0;0;0;0
0.00;0;0;0;0
0.00;0;0;0;0
0.00;0;0;0;0
0.00;0;0;0;0
0.00;0;0;0;0
0.00;0;0;0;0
0.00;0;0;0;0
0.00;0;0;0;0
0.00;0;0;0;0
0.00;0;0;0;0
0.00;0;0;0;0
0.00;0;0;0;0
0.50;0.462500035;0.506105303;0.499217157;0.481998696
16.40;17.69152255;17.37229399;17.68157321;17.67732253
37.60;39.21740563;38.67850925;35.99555159;40.3890598
54.20;58.51536774;54.60022066;54.77669296;55.47511675
64.80;65.97253571;60.87521825;66.93368575;60.60828619
68.70;69.26654662;69.02021643;66.74747718;68.48901341
65.70;64.72653386;62.33581638;70.90386395;60.98937833
55.90;52.09444412;56.54991352;57.75311277;53.99391043
40.00;40.6458894;42.69968909;40.83632055;38.31646547
19.30;20.66395166;19.03554151;18.89132547;20.0824169
1.30;1.315906169;1.320279845;1.256546746;1.260468921
0.00;0;0;0;0
0.00;0;0;0;0
0.00;0;0;0;0
0.00;0;0;0;0
0.00;0;0;0;0
0.00;0;0;0;0
0.00;0;0;0;0
0.00;0;0;0;0
0.00;0;0;0;0
0.00;0;0;0;0
0.00;0;0;0;0
0.00;0;0;0;0
0.00;0;0;0;0
0.50;0.505325266;0.467564581;0.477866337;0.506342786
16.40;16.06944562;16.94048527;16.27183232;16.32900851
37.70;36.18835533;35.33896336;38.83101101;37.15338046
54.30;57.71970797;55.38822734;57.66444671;55.34515852
65.00;69.47908637;66.37459265;63.40746371;63.12854884
69.00;64.75659163;68.9129948;73.25723508;65.91898968
66.00;61.18712832;67.44006684;68.03287312;61.87706352
56.20;54.48254451;55.78687023;55.44508722;58.13896037
40.40;38.30694545;42.23629912;38.19085288;41.19613664
19.60;20.63071052;20.34730182;19.35474706;19.4695491
1.40;1.351160185;1.414249479;1.455265774;1.393076675
0.00;0;0;0;0
0.00;0;0;0;0
0.00;0;0;0;0
0.00;0;0;0;0
0.00;0;0;0;0
0.00;0;0;0;0
0.00;0;0;0;0
0.00;0;0;0;0
0.00;0;0;0;0
0.00;0;0;0;0
0.00;0;0;0;0
0.00;0;0;0;0
0.00;0;0;0;0
0.50;0.528857157;0.473074449;0.531225171;0.483252719
16.40;16.44092093;15.6071572;17.69301234;17.55612157
37.70;36.84800806;39.21204491;37.68873674;36.29146598
54.40;57.09727106;57.30114093;57.51158231;55.68471203
65.20;65.11428482;69.77485537;63.04153163;60.40022789
69.20;69.40057561;72.27517719;71.96110474;69.32235698
66.20;66.22676286;62.88295675;65.49206806;60.92705898
56.50;55.99662531;55.7311196;53.94655554;53.5057522
40.70;37.58091197;42.86262861;40.3516721;42.40508297
20.00;21.41561595;19.05508918;18.82958805;19.86151063
1.50;1.451757702;1.442650464;1.412659617;1.499611061
0.00;0;0;0;0
0.00;0;0;0;0
0.00;0;0;0;0
0.00;0;0;0;0
0.00;0;0;0;0
0.00;0;0;0;0
0.00;0;0;0;0
0.00;0;0;0;0
0.00;0;0;0;0
0.00;0;0;0;0
0.00;0;0;0;0
0.00;0;0;0;0
0.00;0;0;0;0
0.50;0.517795487;0.466217028;0.503976989;0.484172275
16.40;15.3204633;16.12299322;15.76722632;17.43460691
37.80;40.19282712;35.86465682;36.90773176;37.14596143
54.60;51.10120751;51.3183985;56.64058474;50.80016004
65.30;66.76913717;69.07918608;67.43636574;69.65621404
69.40;66.26377026;68.22188806;64.74942168;70.38542251
66.50;71.73044345;61.19074023;69.89918837;68.23841288
56.90;60.28010234;56.82423994;53.49229545;53.93568164
41.10;41.44768698;38.88485415;39.39525857;41.17117796
20.40;20.48584652;19.63605935;18.81498547;19.1762836
1.70;1.586374573;1.812280579;1.567574121;1.686263088
0.00;0;0;0;0
0.00;0;0;0;0
0.00;0;0;0;0
0.00;0;0;0;0
0.00;0;0;0;0
0.00;0;0;0;0
0.00;0;0;0;0
0.00;0;0;0;0
0.00;0;0;0;0
0.00;0;0;0;0
0.00;0;0;0;0
0.00;0;0;0;0
0.00;0;0;0;0
0.50;0.518728373;0.524497773;0.507190414;0.486851035
16.50;16.2171007;16.57460421;15.4812776;16.42889634
37.90;35.81667715;36.6703232;36.3987321;36.3605936
54.70;58.75484771;50.47384435;51.91141069;51.45901419
65.60;62.87769337;67.36695746;63.29553127;65.19409023
69.70;65.28534114;66.36036291;69.01689735;68.52164575
66.90;63.34555351;62.49041555;62.14931262;68.92750002
57.20;55.03605768;53.95395575;59.56357539;60.90445082
41.50;38.47292936;39.88294655;44.37016918;39.9135756
20.70;20.97724021;20.57961479;21.42473083;20.30402146
1.80;1.793438833;1.662396566;1.821602442;1.865261611
0.00;0;0;0;0
0.00;0;0;0;0
0.00;0;0;0;0
0.00;0;0;0;0
0.00;0;0;0;0
0.00;0;0;0;0
0.00;0;0;0;0
0.00;0;0;0;0
0.00;0;0;0;0
0.00;0;0;0;0
0.00;0;0;0;0
0.00;0;0;0;0
0.00;0;0;0;0
0.50;0.477005591;0.46634458;0.511075283;0.506571035
16.50;16.64377283;15.60990291;16.42692386;17.18539494
38.00;40.72977194;40.73748102;40.98983989;37.75405289
54.90;58.639837;53.92253803;59.18472857;57.71418303
65.80;61.79857439;62.07602287;67.84964169;67.06443642
70.00;72.82965141;73.18058285;70.39971225;69.72447777
67.20;66.78148959;70.11378092;68.75926957;67.51194156
57.60;60.47514935;55.4776985;54.75738631;55.91422501
41.90;39.1500107;43.91204012;44.13599776;40.11796844
21.10;22.42096135;22.16306996;22.45582977;20.90177413
2.00;1.860311504;1.953354547;2.019295785;1.957585992
0.00;0;0;0;0
0.00;0;0;0;0
0.00;0;0;0;0
0.00;0;0;0;0
0.00;0;0;0;0
0.00;0;0;0;0
0.00;0;0;0;0
0.00;0;0;0;0
0.00;0;0;0;0
0.00;0;0;0;0
0.00;0;0;0;0
0.00;0;0;0;0
0.00;0;0;0;0
0.50;0.490307787;0.471234906;0.526329321;0.529527449
16.60;17.11213491;15.65478148;15.42569097;15.96835561
38.20;40.62966054;40.10420056;40.15390937;35.78955129
55.10;52.74106824;52.84596974;59.4438283;59.37500626
66.00;69.05955573;61.62959698;68.38803794;64.07591438
70.30;67.64887206;69.31135318;75.79640514;69.48939358
67.50;63.57985849;68.04414652;62.88910044;68.65672641
58.00;61.64460361;55.42938871;56.99416554;57.87675342
42.30;44.99051521;45.65188776;44.55545845;39.13303679
21.60;22.46876633;20.0841168;21.82735303;21.4860299
2.10;1.97172898;2.077219465;2.246141751;2.23966098
0.00;0;0;0;0
0.00;0;0;0;0
0.00;0;0;0;0
0.00;0;0;0;0
0.00;0;0;0;0
0.00;0;0;0;0
0.00;0;0;0;0
0.00;0;0;0;0
0.00;0;0;0;0
0.00;0;0;0;0
0.00;0;0;0;0
0.00;0;0;0;0
0.00;0;0;0;0
0.50;0.524430925;0.527149616;0.538463859;0.493377878
16.70;17.59570127;15.54155323;17.7058667;17.62187725
38.30;40.96863134;36.55724922;35.5897076;35.24618312
55.30;54.24352318;57.02838808;54.74341461;58.75474992
66.30;68.91642818;66.84523798;61.31668945;61.64868377
70.60;73.80537773;65.47098298;73.92021831;69.31710042
67.90;66.15490026;63.06187213;69.31805931;73.10946739
58.40;54.72883761;55.09526061;61.92443424;60.94733852
42.70;41.04985669;42.48900417;39.42425138;44.87749871
22.00;23.55976025;22.05677232;21.66109555;21.61423058
2.30;2.250512629;2.358856516;2.143643116;2.3157111
0.00;0;0;0;0
0.00;0;0;0;0
0.00;0;0;0;0
0.00;0;0;0;0
0.00;0;0;0;0
0.00;0;0;0;0
0.00;0;0;0;0
0.00;0;0;0;0
0.00;0;0;0;0
0.00;0;0;0;0
0.00;0;0;0;0
0.00;0;0;0;0
0.00;0;0;0;0
0.60;0.646754661;0.609042715;0.59686893;0.619343892
16.80;18.11729691;15.49569192;15.64895905;17.53653663
38.50;38.18906164;38.43137459;40.94691566;37.05726516
55.50;58.6685168;59.35139315;56.46255978;53.09954145
66.60;71.13885707;68.84997457;67.66737277;68.20093487
70.90;65.66297647;67.84310177;74.71796985;76.07279872
68.20;72.16681832;65.89880951;63.06836322;69.44407542
58.80;62.1708407;57.55495131;56.15637391;56.80523142
43.10;43.99292691;46.44107587;43.36756043;42.52181809
22.40;23.95603399;22.94030894;22.62331913;22.48291159
2.50;2.568884573;2.656591082;2.422256528;2.544199705
0.00;0;0;0;0
0.00;0;0;0;0
0.00;0;0;0;0
0.00;0;0;0;0
0.00;0;0;0;0
0.00;0;0;0;0
0.00;0;0;0;0
0.00;0;0;0;0
0.00;0;0;0;0
0.00;0;0;0;0
0.00;0;0;0;0
0.00;0;0;0;0
0.00;0;0;0;0
0.60;0.558853961;0.560374775;0.625225466;0.561625997
16.90;17.60133625;16.82063781;16.12547891;17.19454492
38.70;38.13757141;38.14285468;36.72029705;39.57196752
55.70;55.89386688;54.95365608;58.57251437;53.85286112
66.80;68.58451452;63.72996072;62.53944801;70.79964554
71.20;68.19434091;75.19445975;76.24778356;74.5255087
68.60;72.88537582;69.17612252;64.84806341;63.54605491
59.20;59.66834532;57.91988238;56.28933023;63.48055894
43.50;41.5657147;46.88751407;40.03652313;40.23275423
22.80;23.08204791;24.20984468;21.14612064;21.44560739
2.70;2.665715769;2.767217881;2.768618603;2.552229792
0.00;0;0;0;0
0.00;0;0;0;0
0.00;0;0;0;0
0.00;0;0;0;0
0.00;0;0;0;0
0.00;0;0;0;0
0.00;0;0;0;0
0.00;0;0;0;0
0.00;0;0;0;0
0.00;0;0;0;0
0.00;0;0;0;0
0.00;0;0;0;0
0.00;0;0;0;0
0.60;0.646015847;0.589687793;0.643622468;0.579814717
17.10;17.90409364;18.34617036;16.57566409;16.23050781
38.80;37.67283261;40.77364693;37.81505151;38.08796327
56.00;56.22687517;53.76185371;51.75005578;55.47528893
67.10;65.20344053;69.64388671;70.1554474;70.09633313
71.60;69.31411186;77.10465253;70.71684638;68.76267391
69.00;66.14922106;69.71574025;74.06949872;68.40235909
59.60;59.85360933;56.51322914;56.66591187;60.7361805
44.00;42.42318874;42.56233386;42.5612006;45.57099715
23.30;21.67767545;23.15208294;21.87873931;24.52959703
2.90;2.714141289;2.674384089;2.762207736;3.093154381
0.00;0;0;0;0
0.00;0;0;0;0
0.00;0;0;0;0
0.00;0;0;0;0
0.00;0;0;0;0
0.00;0;0;0;0
0.00;0;0;0;0
0.00;0;0;0;0
0.00;0;0;0;0
0.00;0;0;0;0
0.00;0;0;0;0
0.00;0;0;0;0
0.00;0;0;0;0
0.60;0.639910411;0.584513737;0.589632315;0.556466118
17.20;17.43838405;18.2145454;16.45590085;17.46521938
39.10;36.31957315;41.22738274;42.07611707;39.17786329
56.20;53.24623327;52.99807778;59.87737376;56.67815588
67.40;69.18296042;63.29184127;69.84288187;63.24749987
71.90;75.69453628;75.06862167;72.82669689;73.08042947
69.40;66.90581772;65.38703047;72.30678665;66.20643417
60.00;62.06239435;60.90564542;62.73731862;58.38546758
44.40;47.86394584;46.64349597;43.71322534;42.26080297
23.70;22.23360239;22.49632285;24.14041648;22.13664749
3.10;3.122017965;3.207798886;3.071064118;3.343833753
0.00;0;0;0;0
0.00;0;0;0;0
0.00;0;0;0;0
0.00;0;0;0;0
0.00;0;0;0;0
0.00;0;0;0;0
0.00;0;0;0;0
0.00;0;0;0;0
0.00;0;0;0;0
0.00;0;0;0;0
0.00;0;0;0;0
0.00;0;0;0;0
0.00;0;0;0;0
0.70;0.696615155;0.712665573;0.737221477;0.67242119
17.40;18.78643228;16.15860869;17.57662843;18.72603934
39.30;41.3065142;40.97747522;38.77949421;40.4230643
56.50;56.25446719;54.6798055;60.34163239;60.31495221
67.80;67.22884226;71.34506086;69.70651754;71.8093986
72.30;76.762933;66.8447776;69.64348732;66.9144979
69.80;71.41777628;71.67532454;73.59094962;71.58916085
60.50;60.47929579;59.01834507;64.95819915;55.94732658
44.90;42.43001626;44.93159509;45.85751156;46.20507572
24.20;23.84332317;25.21223732;25.19437882;25.20889499
3.30;3.44245592;3.507767166;3.361631713;3.517298908
0.00;0;0;0;0
0.00;0;0;0;0
0.00;0;0;0;0
0.00;0;0;0;0
0.00;0;0;0;0
0.00;0;0;0;0
0.00;0;0;0;0
0.00;0;0;0;0
0.00;0;0;0;0
0.00;0;0;0;0
0.00;0;0;0;0
0.00;0;0;0;0
0.00;0;0;0;0
0.70;0.68218999;0.742384142;0.733316671;0.705041152
17.60;18.44740499;17.98643832;18.52541047;18.91819361
39.50;41.53305695;37.64698996;36.73417543;41.13487703
56.80;53.45112312;55.96311252;52.97598624;52.99650979
68.10;72.65747258;65.24702128;65.20932909;65.13674063
72.70;70.59491069;71.40380594;78.26274486;72.10005812
70.20;69.22921415;73.77991172;75.187911;65.36491576
60.90;57.31101059;58.97487391;64.77772011;60.68860601
45.30;45.04288451;44.83136865;44.00491826;48.01812434
24.60;25.34970685;24.06688195;23.76469198;22.70153887
3.50;3.472462878;3.257673083;3.700273454;3.670738827
0.00;0;0;0;0
0.00;0;0;0;0
0.00;0;0;0;0
0.00;0;0;0;0
0.00;0;0;0;0
0.00;0;0;0;0
0.00;0;0;0;0
0.00;0;0;0;0
0.00;0;0;0;0
0.00;0;0;0;0
0.00;0;0;0;0
0.00;0;0;0;0
0.00;0;0;0;0
0.70;0.751623981;0.755071801;0.70796354;0.690946871
17.80;17.71511185;18.89296052;19.16116823;18.75149613
39.80;41.08445115;37.74280475;40.04633798;38.27276415
57.10;54.7229094;60.82545146;59.75578326;59.16908639
68.50;71.31587313;72.04930282;67.23313744;73.14537932
73.10;73.93358378;77.58924014;69.82723578;71.72451516
70.70;76.31241618;68.47860644;67.93945709;75.36744143
61.40;65.64890705;59.75017138;60.2878899;62.6034817
45.80;45.05469135;48.92918064;46.43091337;49.41255452
25.10;27.09700118;23.31321932;24.00257025;26.18174642
3.80;4.065098582;4.041307681;3.633396196;4.002523632
0.00;0;0;0;0
0.00;0;0;0;0
0.00;0;0;0;0
0.00;0;0;0;0
0.00;0;0;0;0
0.00;0;0;0;0
0.00;0;0;0;0
0.00;0;0;0;0
0.00;0;0;0;0
0.00;0;0;0;0
0.00;0;0;0;0
0.00;0;0;0;0
0.00;0;0;0;0
0.80;0.854047266;0.758807435;0.835906791;0.793871552
18.00;17.73211292;18.0239385;19.07420494;19.1627688
40.00;38.18144175;41.62101809;38.43363424;39.42487678
57.40;57.80600353;52.90423829;52.84761456;59.91274416
68.80;72.61852213;68.43411594;69.75572674;74.1498922
73.50;78.66743889;74.6494337;72.1526699;75.71573017
71.10;66.73090749;76.67621297;66.03701641;75.41222477
61.80;59.79009727;63.30461916;57.71336854;62.66240368
46.30;45.45777571;45.67382243;48.5172851;48.15072493
25.60;27.03506949;25.12375893;25.58740682;25.73061736
4.00;4.110187487;3.887561851;3.970357237;3.972858538
0.00;0;0;0;0
0.00;0;0;0;0
0.00;0;0;0;0
0.00;0;0;0;0
0.00;0;0;0;0
0.00;0;0;0;0
0.00;0;0;0;0
0.00;0;0;0;0
0.00;0;0;0;0
0.00;0;0;0;0
0.00;0;0;0;0
0.00;0;0;0;0
0.00;0;0;0;0
0.80;0.798525578;0.747426828;0.797916422;0.831676703
18.30;19.75030064;18.67966799;17.35714414;17.71421804
40.30;39.41416351;38.75896716;41.06064874;41.03045171
57.70;53.18585496;55.22872793;55.10119524;55.02615307
69.20;69.6959672;67.09815113;69.93686744;66.1791819
73.90;71.61142253;76.89379793;69.22448642;73.01346026
71.60;76.94668584;71.67727589;74.29987998;66.26539907
62.30;65.1734028;57.49106325;66.53856215;61.54122441
46.80;44.67123341;49.07240653;45.59527955;46.39109922
26.10;24.61561986;26.42169543;24.62642852;24.6020934
4.30;4.374690126;4.39997882;4.408450182;4.088531846
0.00;0;0;0;0
0.00;0;0;0;0
0.00;0;0;0;0
0.00;0;0;0;0
0.00;0;0;0;0
0.00;0;0;0;0
0.00;0;0;0;0
0.00;0;0;0;0
0.00;0;0;0;0
0.00;0;0;0;0
0.00;0;0;0;0
0.00;0;0;0;0
0.00;0;0;0;0
0.90;0.912855059;0.896889139;0.882718098;0.854480537
18.50;17.0880689;18.48111315;17.0836266;18.10096809
40.60;43.64237036;37.63441978;38.66792137;38.57824235
58.10;57.23298516;59.58443955;54.15450072;61.00114232
69.60;67.86343624;73.38832565;75.10155476;72.57646187
74.40;71.03739379;78.73493591;79.32742035;74.80172238
72.00;67.44505255;68.50306867;68.30908888;71.74276054
62.80;62.46184463;57.7978032;63.276171;65.50018007
47.30;49.19363647;46.63171426;48.87093449;43.60963599
26.60;25.40988707;25.67937289;26.47483326;26.50203274
4.60;4.660510315;4.308102001;4.506487312;4.511342133
0.00;0;0;0;0
0.00;0;0;0;0
0.00;0;0;0;0
0.00;0;0;0;0
0.00;0;0;0;0
0.00;0;0;0;0
0.00;0;0;0;0
0.00;0;0;0;0
0.00;0;0;0;0
0.00;0;0;0;0
0.00;0;0;0;0
0.00;0;0;0;0
0.00;0;0;0;0
0.90;0.931971654;0.926885982;0.917810829;0.880879017
18.80;18.93642723;19.60905923;19.44331537;19.86606609
40.90;38.05468544;42.91881777;37.97576322;43.27430057
58.50;58.1452702;58.84770158;54.46424186;62.41289493
70.00;69.2920861;67.07345431;72.92718615;70.86124995
74.80;71.87460079;75.87414379;74.83202524;75.7587117
72.50;74.06385946;69.48131165;67.3143059;67.53845185
63.30;62.78402866;66.25698024;59.01731287;63.68503135
47.80;50.76916544;50.38613001;46.37670838;45.38626956
27.10;27.27657667;28.74368755;27.18585071;26.05283561
4.90;4.946397352;4.669622213;5.07859137;4.814595696
0.00;0;0;0;0
0.00;0;0;0;0
0.00;0;0;0;0
0.00;0;0;0;0
0.00;0;0;0;0
0.00;0;0;0;0
0.00;0;0;0;0
0.00;0;0;0;0
0.00;0;0;0;0
0.00;0;0;0;0
0.00;0;0;0;0
0.00;0;0;0;0
0.00;0;0;0;0
1.00;1.019705526;1.037905463;1.022961534;1.056923995
19.00;19.44058291;20.13770518;19.171578;18.26833636
41.30;42.20526073;43.57216016;40.09361248;44.47060226
58.80;54.80529787;55.33468512;62.65472586;60.49084024
70.40;71.96473093;75.19389026;69.3743753;65.09805771
75.30;76.73415724;79.88251451;74.90516568;70.72031083
73.00;76.49387909;67.4166837;71.99858301;74.60908618
63.80;60.46194295;63.19531941;66.50064335;65.83280243
48.30;45.25174591;49.94300847;48.15228775;45.02661144
27.60;29.54009612;29.65851627;27.76399497;29.3230345
5.20;4.84285302;5.190840542;5.464410578;5.313107907
0.00;0;0;0;0
0.00;0;0;0;0
0.00;0;0;0;0
0.00;0;0;0;0
0.00;0;0;0;0
0.00;0;0;0;0
0.00;0;0;0;0
0.00;0;0;0;0
0.00;0;0;0;0
0.00;0;0;0;0
0.00;0;0;0;0
0.00;0;0;0;0
0.00;0;0;0;0
1.10;1.028786572;1.115573623;1.054823423;1.098328369
19.30;19.19322801;18.2763805;18.71787661;18.9414789
41.60;44.48003815;39.16564438;40.95033761;39.82068832
59.20;58.50199011;63.05607188;54.70452852;59.8980947
70.90;71.97250401;76.17076771;76.09151183;76.26888543
75.70;80.91772011;74.49183555;79.34180715;74.93993216
73.50;78.00181218;71.6373454;76.34321418;76.76665995
64.30;66.94795306;64.05217277;61.23702455;68.52573849
48.80;52.28067454;49.59080081;49.60203125;49.35061362
28.10;27.01462702;27.64288333;27.37593709;27.45810821
5.50;5.255582484;5.862587334;5.908623297;5.525851811
0.00;0;0;0;0
0.00;0;0;0;0
0.00;0;0;0;0
0.00;0;0;0;0
0.00;0;0;0;0
0.00;0;0;0;0
0.00;0;0;0;0
0.00;0;0;0;0
0.00;0;0;0;0
0.00;0;0;0;0
0.00;0;0;0;0
0.00;0;0;0;0
0.00;0;0;0;0
1.10;1.155491878;1.044885449;1.057029342;1.03663552
19.60;18.35006672;18.87808566;20.66996633;19.80386292
41.90;40.49509605;44.99592359;43.73499692;40.04681378
59.60;59.19170249;55.50299021;63.36291004;64.20547003
71.30;74.38090778;70.0101609;69.78045807;70.66403955
76.20;71.87870035;73.95986618;80.12137482;81.25160834
74.00;76.39055341;75.05368841;75.23691135;68.86682456
64.80;67.03897282;60.14726931;61.84938899;64.83159161
49.30;51.58339606;51.492031;50.32961237;48.03686609
28.60;29.58369829;30.61503019;26.39356707;29.3993524
5.80;5.469684721;6.21951493;6.055949157;5.621880688
0.00;0;0;0;0
0.00;0;0;0;0
0.00;0;0;0;0
0.00;0;0;0;0
0.00;0;0;0;0
0.00;0;0;0;0
0.00;0;0;0;0
0.00;0;0;0;0
0.00;0;0;0;0
0.00;0;0;0;0
0.00;0;0;0;0
0.00;0;0;0;0
0.00;0;0;0;0
1.20;1.271289679;1.227459444;1.231816193;1.153575962
19.90;18.80931417;19.27727345;18.93792929;18.57801827
42.30;42.98331138;45.56369934;39.88183924;42.23917467
60.00;63.65647645;57.99972266;63.19439662;64.47330956
71.80;76.09480125;66.29967999;67.07825417;76.64724144
76.70;73.66287995;73.66413928;73.32049523;80.3567985
74.50;71.00047022;68.7125272;71.51751518;69.73206652
65.40;68.75451208;67.39063745;64.02766713;66.30038413
49.90;53.33172406;53.78217659;53.09603112;50.38197039
29.10;27.17780006;29.76139251;30.41657877;29.06401318
6.10;5.929751911;6.45405004;6.20911988;5.984787088
0.00;0;0;0;0
0.00;0;0;0;0
0.00;0;0;0;0
0.00;0;0;0;0
0.00;0;0;0;0
0.00;0;0;0;0
0.00;0;0;0;0
0.00;0;0;0;0
0.00;0;0;0;0
0.00;0;0;0;0
0.00;0;0;0;0
0.00;0;0;0;0
0.00;0;0;0;0
1.30;1.262483228;1.360980366;1.257435051;1.231908898
20.30;18.68599235;19.07111297;18.85172176;21.19036744
42.70;45.20214766;40.28824191;43.77357479;43.13225046
60.40;56.46396405;59.35546227;55.9351315;59.70440211
72.20;68.64138921;70.86037983;71.89073255;69.26061238
77.20;76.52358074;76.8998569;76.80221596;79.74402477
75.00;76.57667794;69.96616851;77.66085982;71.0915654
65.90;60.79438183;61.31211628;63.910839;61.69741998
50.40;53.56259476;48.51418946;49.99458966;51.07617161
29.60;27.91305518;27.51681074;31.50347673;29.72962416
6.50;6.934937301;6.330435312;6.314867585;6.866575933
0.00;0;0;0;0
0.00;0;0;0;0
0.00;0;0;0;0
0.00;0;0;0;0
0.00;0;0;0;0
0.00;0;0;0;0
0.00;0;0;0;0
0.00;0;0;0;0
0.00;0;0;0;0
0.00;0;0;0;0
0.00;0;0;0;0
0.00;0;0;0;0
0.00;0;0;0;0
1.40;1.481151288;1.334695745;1.345186545;1.298970592
20.60;20.90269951;19.54164017;20.93344367;20.16492901
43.10;44.70549085;42.9834403;43.21481963;41.03000347
60.90;62.95818603;62.14900801;65.33028712;64.95479627
72.70;78.18065779;74.20620981;75.68548657;70.8956438
77.70;78.95046133;75.97695646;73.38498324;82.25220662
75.60;80.95797687;76.12007617;80.13723259;71.00480691
66.40;66.59505186;69.06010671;61.81759909;71.33568096
50.90;49.83745419;53.59742618;48.33810681;49.51278293
30.10;31.54890511;28.63707792;29.64965044;29.0202469
6.80;6.72871372;6.457421029;6.822120006;6.337367611
0.00;0;0;0;0
0.00;0;0;0;0
0.00;0;0;0;0
0.00;0;0;0;0
0.00;0;0;0;0
0.00;0;0;0;0
0.00;0;0;0;0
0.00;0;0;0;0
0.00;0;0;0;0
0.00;0;0;0;0
0.00;0;0;0;0
0.00;0;0;0;0
0.00;0;0;0;0
1.50;1.5728325;1.504680076;1.432320296;1.409922743
21.00;21.98923811;22.26497775;21.42185581;19.44083761
43.50;44.52834109;40.92586883;45.93722338;40.22706805
61.30;56.86307668;59.96199376;59.67013538;64.98604831
73.20;74.88454596;70.26261687;77.55450494;76.0929892
78.20;81.88239762;79.51949951;76.34139377;80.12062971
76.10;70.16374949;81.90997287;79.6201118;80.40673776
67.00;70.33562947;65.83617614;65.11817071;64.04398184
51.50;49.32642171;47.48372773;51.71663388;51.02026873
30.70;29.00379637;29.64457473;30.33409228;29.48077745
7.20;7.018324095;7.463877676;7.632255929;7.563082419
0.00;0;0;0;0
0.00;0;0;0;0
0.00;0;0;0;0
0.00;0;0;0;0
0.00;0;0;0;0
0.00;0;0;0;0
0.00;0;0;0;0
0.00;0;0;0;0
0.00;0;0;0;0
0.00;0;0;0;0
0.00;0;0;0;0
0.00;0;0;0;0
0.00;0;0;0;0
1.70;1.73045167;1.808583766;1.749873897;1.598166251
21.40;22.05014728;19.78689281;20.70681822;20.72606466
43.90;44.69750226;47.4037488;42.90476283;44.24845291
61.80;62.29733873;58.57522194;59.92194022;61.17091397
73.70;78.80735651;75.95505959;71.81043964;67.85222213
78.70;74.84508844;74.74240692;81.26082164;82.7164928
76.60;70.51324282;76.01079483;74.71095156;77.83236055
67.50;72.23276349;63.50687364;69.32854148;72.26892773
52.00;54.29959146;53.31575576;48.46779835;50.30738442
31.20;30.00124419;31.68648674;32.42008649;29.24133756
7.60;7.240985179;7.805703612;8.154604469;7.518805675
0.00;0;0;0;0
0.00;0;0;0;0
0.00;0;0;0;0
0.00;0;0;0;0
0.00;0;0;0;0
0.00;0;0;0;0
0.00;0;0;0;0
0.00;0;0;0;0
0.00;0;0;0;0
0.00;0;0;0;0
0.00;0;0;0;0
0.00;0;0;0;0
0.00;0;0;0;0
1.80;1.788400044;1.915281687;1.86004375;1.941704355
21.70;20.58631312;20.60429073;23.3185143;21.41464096
44.30;46.10113135;46.57441128;45.3120758;46.48336498
62.30;60.22830701;58.56279177;66.07272596;67.12465968
74.20;68.81540017;77.60715112;76.26373138;75.67811616
79.30;79.75836618;73.25487269;83.02325213;80.2125176
77.20;80.43928642;75.24261938;71.1844447;78.08026238
68.10;69.41776097;67.2286718;67.14480467;62.946054
52.60;49.35485825;55.59903195;51.16240618;51.89291245
31.70;30.12627386;29.70006228;34.00850939;33.63920527
8.00;8.399524942;7.379396602;7.740455118;7.875391717
0.00;0;0;0;0
0.00;0;0;0;0
0.00;0;0;0;0
0.00;0;0;0;0
0.00;0;0;0;0
0.00;0;0;0;0
0.00;0;0;0;0
0.00;0;0;0;0
0.00;0;0;0;0
0.00;0;0;0;0
0.00;0;0;0;0
0.00;0;0;0;0
0.00;0;0;0;0
1.90;1.76459229;1.774460975;1.917132821;1.986477564
22.20;22.04599015;21.45965194;22.56564909;22.87326322
44.80;42.86697914;43.07139272;45.02208525;42.64639717
62.70;64.13043324;66.88798357;63.54497559;64.16822298
74.70;75.36646645;74.44485811;79.5276029;70.0646184
79.80;77.97783699;85.6125656;75.2704035;81.39613456
77.70;75.32165186;76.33661235;79.57932238;75.53164833
68.60;65.15965825;72.90297357;68.63560743;73.1456562
53.10;52.79398423;53.98519392;56.5448589;51.34009451
32.30;29.93003108;32.30155067;33.55449744;31.62969491
8.40;8.96674278;8.314298831;8.393941128;8.952175858
0.00;0;0;0;0
0.00;0;0;0;0
0.00;0;0;0;0
0.00;0;0;0;0
0.00;0;0;0;0
0.00;0;0;0;0
0.00;0;0;0;0
0.00;0;0;0;0
0.00;0;0;0;0
0.00;0;0;0;0
0.00;0;0;0;0
0.00;0;0;0;0
0.00;0;0;0;0
2.10;2.077456839;2.063485168;2.104580553;2.007548617
22.60;22.11278527;22.91731776;22.59616256;21.50877223
45.30;47.68638268;44.1729893;41.75629987;44.75783622
63.20;62.22020063;62.89859325;58.25599823;58.61377048
75.20;76.54370983;79.4343262;80.86805182;77.16495856
80.30;81.50055781;82.33759524;74.07574937;85.87918269
78.30;73.81147263;81.73422043;73.6577603;82.9534468
69.20;74.56797599;66.89048341;68.93500729;69.04421283
53.70;54.08683702;54.84821547;54.21296785;53.79068429
32.80;32.68283795;35.24960532;32.23448318;34.0744702
8.80;8.12466404;9.28937392;8.574063212;9.4638326
0.00;0;0;0;0
0.00;0;0;0;0
0.00;0;0;0;0
0.00;0;0;0;0
0.00;0;0;0;0
0.00;0;0;0;0
0.00;0;0;0;0
0.00;0;0;0;0
0.00;0;0;0;0
0.00;0;0;0;0
0.00;0;0;0;0
0.00;0;0;0;0
0.00;0;0;0;0
2.20;2.199144848;2.170683811;2.250807787;2.331547889
23.00;24.01006707;22.0453589;24.21225306;23.61239969
45.70;45.75473035;43.03241919;42.1199195;47.4445739
63.70;64.33237589;61.43737897;63.59755152;62.6672432
75.70;81.23889667;78.23672116;72.61415485;80.55882949
80.90;81.01414821;80.13414142;77.84059838;85.08196882
78.90;82.2330019;81.81578831;73.53706298;84.60894863
69.80;68.21401461;65.00777893;65.63436318;71.04132945
54.20;56.43226099;56.61865828;52.79452209;54.12602133
33.40;31.75441027;32.71496253;30.79535096;32.40086436
9.20;9.188438707;9.262789116;9.238686677;9.183368922
0.00;0;0;0;0
0.00;0;0;0;0
0.00;0;0;0;0
0.00;0;0;0;0
0.00;0;0;0;0
0.00;0;0;0;0
0.00;0;0;0;0
0.00;0;0;0;0
0.00;0;0;0;0
0.00;0;0;0;0
0.00;0;0;0;0
0.00;0;0;0;0
0.00;0;0;0;0
2.40;2.369556828;2.363535187;2.438661833;2.566603579
23.40;25.20655144;23.64400698;22.30102304;22.87397713
46.20;43.98579666;47.57875921;49.23081048;42.79972082
64.30;62.60474313;65.95339342;61.2384996;61.7252083
76.30;77.1959681;70.61394617;70.53200607;73.54876991
81.50;75.14537032;78.47565794;80.82313707;86.68707034
79.40;78.18873851;81.79696773;82.97439453;81.85100373
70.30;70.7916314;68.38470838;71.21610034;74.26800568
54.80;54.85318421;51.0707976;55.92996912;52.43974266
33.90;31.92574079;32.62492731;33.83562679;32.35402599
9.70;9.39864625;9.819733318;9.046664836;9.407693369
0.00;0;0;0;0
0.00;0;0;0;0
0.00;0;0;0;0
0.00;0;0;0;0
0.00;0;0;0;0
0.00;0;0;0;0
0.00;0;0;0;0
0.00;0;0;0;0
0.00;0;0;0;0
0.00;0;0;0;0
0.00;0;0;0;0
0.00;0;0;0;0
0.00;0;0;0;0
2.60;2.43207577;2.567942497;2.494571875;2.737273919
23.90;25.65185648;23.96314962;22.31209649;23.61163285
46.70;46.65265391;48.25949107;49.15749891;49.37278804
64.80;64.41848947;67.25930013;63.63281674;69.47478456
76.80;72.19372112;76.41803819;80.48460653;75.26487295
82.00;80.1300078;75.52232355;76.60525451;82.01598378
80.00;84.10801121;78.39012221;77.12845929;85.05488703
70.90;68.64618983;75.41000188;75.83597833;72.41072566
55.40;59.08992708;58.40071444;51.43054627;53.08384527
34.50;36.81345988;32.07401189;32.89108172;33.02477096
10.10;9.705571001;10.89647679;9.859471822;10.26222838
0.00;0;0;0;0
0.00;0;0;0;0
0.00;0;0;0;0
0.00;0;0;0;0
0.00;0;0;0;0
0.00;0;0;0;0
0.00;0;0;0;0
0.00;0;0;0;0
0.00;0;0;0;0
0.00;0;0;0;0
0.00;0;0;0;0
0.00;0;0;0;0
0.00;0;0;0;0
2.80;2.749582796;2.707069181;2.72599857;2.877635068
24.40;24.72585187;26.04751313;24.85533874;25.11085073
47.20;44.56134422;47.35434318;45.09202676;44.4515091
65.30;63.5025082;65.96705986;64.32990552;61.3922894
77.40;80.90416136;73.0249356;72.46373026;81.07531502
82.60;79.4973753;89.04684961;76.7750038;84.05049468
80.60;85.24141641;76.74232544;84.58155566;75.00316523
71.50;72.50691679;72.53141751;65.84084261;66.80473335
55.90;55.06358319;52.39539294;53.84175074;58.84490638
35.00;35.47394788;37.7190857;34.96440155;37.36304277
10.60;10.20846217;11.07528477;10.09781993;11.43757802
0.00;0;0;0;0
0.00;0;0;0;0
0.00;0;0;0;0
0.00;0;0;0;0
0.00;0;0;0;0
0.00;0;0;0;0
0.00;0;0;0;0
0.00;0;0;0;0
0.00;0;0;0;0
0.00;0;0;0;0
0.00;0;0;0;0
0.00;0;0;0;0
0.00;0;0;0;0
3.00;3.188311457;2.779048484;2.764721253;3.180763397
24.80;25.58509147;26.38719291;25.12755878;24.92369726
47.70;50.37053068;48.47217006;45.69185116;51.4535867
65.80;61.53012858;64.80823745;61.59880959;60.79345835
78.00;74.98942059;75.49436899;76.13026721;75.62475
83.20;84.71952203;78.32370368;81.25907337;83.27510913
81.20;77.65193705;86.33850945;82.05204089;86.22509249
72.10;74.38759945;72.92601885;67.22734536;69.31715526
56.50;58.76606597;59.60366376;55.97529206;57.88631405
35.60;35.58400569;34.41406873;34.66232322;37.82902188
11.00;10.49294589;11.66459528;10.35820724;11.2366314
0.00;0;0;0;0
0.00;0;0;0;0
0.00;0;0;0;0
0.00;0;0;0;0
0.00;0;0;0;0
0.00;0;0;0;0
0.00;0;0;0;0
0.00;0;0;0;0
0.00;0;0;0;0
0.00;0;0;0;0
0.00;0;0;0;0
0.00;0;0;0;0
0.00;0;0;0;0
3.20;3.440350389;3.207155885;3.007187288;3.074380259
25.30;25.94837708;25.46880144;26.97893758;24.07880202
48.20;47.99757206;47.08226436;48.38471221;46.19936449
66.40;64.15485629;61.67064645;62.23088475;71.47029647
78.50;73.74335616;74.50582819;83.67926351;84.71671835
83.80;77.8823877;88.53962502;79.56517268;83.31550548
81.80;82.43009913;87.25669891;79.9704497;85.27476249
72.70;78.42917916;69.37382934;74.24182873;75.13768749
57.10;54.41219581;55.60925561;59.3665611;59.45555201
36.10;33.99700414;37.0626078;34.41499136;37.4550116
11.50;12.25079157;10.64657062;12.13662189;11.40837824
0.00;0;0;0;0
0.00;0;0;0;0
0.00;0;0;0;0
0.00;0;0;0;0
0.00;0;0;0;0
0.00;0;0;0;0
0.00;0;0;0;0
0.00;0;0;0;0
0.00;0;0;0;0
0.00;0;0;0;0
0.00;0;0;0;0
0.00;0;0;0;0
0.00;0;0;0;0
3.40;3.17241476;3.651624387;3.540422842;3.349565512
25.80;26.47946437;25.48688071;26.32921985;24.99856221
48.80;52.58118317;50.98218573;49.91556478;51.87353421
67.00;67.80461555;72.3401997;66.35141752;72.00065648
79.10;74.4063774;77.76124647;74.90469972;81.95505233
84.40;85.58003754;81.62224493;81.88329582;82.06497174
82.40;79.78404827;80.38518533;84.88347528;81.03901268
73.20;73.20916007;75.87453037;67.80382317;75.27323127
57.60;53.83390429;54.15494641;54.70946725;55.57344201
36.70;38.69411436;36.02173571;34.95222172;37.05350593
12.00;11.73884514;12.03242568;11.87403053;12.12674837
0.00;0;0;0;0
0.00;0;0;0;0
0.00;0;0;0;0
0.00;0;0;0;0
0.00;0;0;0;0
0.00;0;0;0;0
0.00;0;0;0;0
0.00;0;0;0;0
0.00;0;0;0;0
0.00;0;0;0;0
0.00;0;0;0;0
0.00;0;0;0;0
0.00;0;0;0;0
3.70;3.85452671;3.692970644;3.910196313;3.766597011
26.30;27.52736645;27.12828121;27.42718808;27.53434742
49.30;50.66942249;50.01573092;47.07426387;48.84345666
67.50;70.32256531;62.56496235;66.0948037;66.10130002
79.70;76.53815312;80.27059924;75.56927664;78.62937143
84.90;84.08011686;79.31684349;90.4508205;88.57070564
82.90;77.50060768;86.34775201;81.23417577;84.43868127
73.80;76.12576027;78.54727804;69.79868834;79.64330625
58.20;55.48957434;55.22155976;59.7329334;53.67724798
37.20;37.88094156;35.46665272;38.86941016;36.7397895
12.50;11.82864547;12.08348503;12.67890024;13.42039597
0.00;0;0;0;0
0.00;0;0;0;0
0.00;0;0;0;0
0.00;0;0;0;0
0.00;0;0;0;0
0.00;0;0;0;0
0.00;0;0;0;0
0.00;0;0;0;0
0.00;0;0;0;0
0.00;0;0;0;0
0.00;0;0;0;0
0.00;0;0;0;0
0.00;0;0;0;0
3.90;3.705550638;3.793967619;3.815004822;4.126278189
26.90;28.38657823;27.00921396;26.16730945;27.72363172
49.90;53.19840564;50.05916104;46.92103488;46.0481604
68.10;68.47064985;65.4802467;65.46642423;63.32435065
80.30;76.00292641;86.4182959;77.48357521;85.78607038
85.50;91.35029409;92.191817;79.44554323;85.13131452
83.50;89.27210747;82.68553012;83.48163039;80.24251446
74.40;68.82842178;69.52587783;71.39856819;77.69577763
58.80;57.75772244;62.36788235;57.55557543;56.40326253
37.80;38.26840903;37.28255239;35.48246124;40.63539985
13.00;12.66310883;12.37873553;13.2045388;13.14902254
0.00;0;0;0;0
0.00;0;0;0;0
0.00;0;0;0;0
0.00;0;0;0;0
0.00;0;0;0;0
0.00;0;0;0;0
0.00;0;0;0;0
0.00;0;0;0;0
0.00;0;0;0;0
0.00;0;0;0;0
0.00;0;0;0;0
0.00;0;0;0;0
0.00;0;0;0;0
4.20;4.376643019;4.027614183;4.114067892;4.466581748
27.40;25.80748329;29.36350403;29.06400691;26.81761408
50.40;47.90734737;50.74410372;53.79919176;50.2489332
68.70;71.09827553;72.75169256;73.13209126;73.62073435
80.90;75.76981656;76.92999709;86.26478361;81.16496739
86.10;92.50348636;80.28088165;82.73077051;86.55203187
84.10;86.24260083;90.71973154;83.51536264;82.73030757
75.00;72.87244221;69.44947856;70.69101623;70.50478533
59.40;54.9034615;57.09102876;59.50852881;60.18417256
38.30;39.76721838;35.73404463;40.2520968;35.58524302
13.50;13.08940379;13.26411376;12.56853026;13.63121057
0.00;0;0;0;0
0.00;0;0;0;0
0.00;0;0;0;0
0.00;0;0;0;0
0.00;0;0;0;0
0.00;0;0;0;0
0.00;0;0;0;0
0.00;0;0;0;0
0.00;0;0;0;0
0.00;0;0;0;0
0.00;0;0;0;0
0.00;0;0;0;0
0.00;0;0;0;0
4.50;4.741472361;4.689712571;4.25514673;4.667745318
27.90;29.44439052;28.30626276;28.79763755;28.81237505
51.00;54.67502294;53.66361065;51.75802689;51.56166893
69.30;65.72451848;68.32217633;73.68028123;71.43763693
81.50;82.90801471;83.86023559;86.6682003;78.76147146
86.80;90.75491748;93.19230756;92.8762518;81.72967903
84.70;88.69999068;85.73796701;91.43701628;80.05383065
75.60;76.56337515;69.99746229;72.02147662;78.14232194
59.90;58.87681227;59.7732895;64.50036916;55.65192517
38.90;41.86981633;40.30027917;39.77901458;38.55716112
14.00;13.0264606;15.0263503;14.10628119;13.291423
0.00;0;0;0;0
0.00;0;0;0;0
0.00;0;0;0;0
0.00;0;0;0;0
0.00;0;0;0;0
0.00;0;0;0;0
0.00;0;0;0;0
0.00;0;0;0;0
0.00;0;0;0;0
0.00;0;0;0;0
0.00;0;0;0;0
0.00;0;0;0;0
0.00;0;0;0;0
4.80;4.908605382;4.548289426;4.895924319;5.11392965
28.50;26.88122649;30.76815236;28.73472317;26.33371664
51.60;49.0176479;53.52164342;53.34539849;50.34110029
69.90;68.6201636;65.35896802;72.60465195;71.72339291
82.10;84.3033873;79.12573411;81.53396457;80.13296274
87.40;88.2943944;87.24050828;82.77172877;85.35535923
85.40;80.08846031;90.25448341;86.53087535;92.20489426
76.20;71.6059816;75.80823807;71.9221614;75.18688562
60.50;56.99138071;62.47168214;62.27247498;57.19458725
39.40;38.53514206;36.70062079;40.31870219;41.58742521
14.50;14.67745522;14.22079843;14.18053621;15.01038479
0.10;0.093887318;0.106847421;0.097404674;0.095248741
0.00;0;0;0;0
0.00;0;0;0;0
0.00;0;0;0;0
0.00;0;0;0;0
0.00;0;0;0;0
0.00;0;0;0;0
0.00;0;0;0;0
0.00;0;0;0;0
0.00;0;0;0;0
0.00;0;0;0;0
0.00;0;0;0;0
0.00;0;0;0;0
5.10;5.114715802;5.293849488;5.28230965;5.353981161
29.00;27.72899396;27.40002342;30.52680385;29.15510182
52.20;55.23949607;54.96301896;49.89956872;50.60699734
70.50;71.98346588;65.50380936;72.37827017;68.70649735
82.70;87.1977762;81.92538495;85.27962166;83.04474858
88.00;90.65558923;91.29661638;92.4246984;90.84487163
86.00;89.49384574;81.26552242;87.60613629;86.66426345
76.80;82.70768167;72.66044455;76.96339652;80.12499931
61.10;60.00256378;61.33429763;62.4011039;61.30933687
40.00;40.90805822;39.90784848;41.78845233;42.21513263
15.00;14.16154737;14.09908233;14.49247368;16.16918148
0.10;0.092647185;0.093360452;0.095014216;0.107540909
0.00;0;0;0;0
0.00;0;0;0;0
0.00;0;0;0;0
0.00;0;0;0;0
0.00;0;0;0;0
0.00;0;0;0;0
0.00;0;0;0;0
0.00;0;0;0;0
0.00;0;0;0;0
0.00;0;0;0;0
0.00;0;0;0;0
0.00;0;0;0;0
5.40;5.675768076;5.274569988;5.533980498;5.636765065
29.60;31.32153121;31.1517997;30.99641417;29.49449087
52.70;53.65982574;53.29964661;54.07345739;51.73529017
71.10;68.00229048;67.44696717;70.66997921;75.47215329
83.30;88.52404108;89.68024397;84.72969588;77.70170265
88.60;86.04524556;83.82381072;89.03194147;88.64967008
86.60;82.88693664;91.58511399;91.66028973;80.54202954
77.40;75.41808242;82.45732033;81.73561875;72.3533042
61.70;63.53440031;60.86858715;59.42274885;60.31907937
40.50;40.68765609;40.15693281;43.36060885;42.85635749
15.50;14.43240686;16.33751028;15.60693461;16.09824367
0.10;0.092662194;0.098129966;0.107118317;0.092646095
0.00;0;0;0;0
0.00;0;0;0;0
0.00;0;0;0;0
0.00;0;0;0;0
0.00;0;0;0;0
0.00;0;0;0;0
0.00;0;0;0;0
0.00;0;0;0;0
0.00;0;0;0;0
0.00;0;0;0;0
0.00;0;0;0;0
0.00;0;0;0;0
5.80;5.642339664;5.721721737;5.600258023;5.547892812
30.20;32.54117111;27.88578846;31.0678347;30.36215509
53.40;55.17686381;53.17575935;49.50588354;52.20027231
71.70;77.09862792;73.82855499;67.61370307;74.77634755
83.90;90.51813303;83.40027;79.29914415;79.01518623
89.20;87.05373084;94.4017546;88.1867063;89.58128719
87.20;93.53243019;83.95771551;85.39120286;81.29686194
78.00;77.37702649;72.41877337;75.7764711;81.86278815
62.20;63.16852052;66.37526037;61.46042882;63.87776098
41.00;38.84384244;42.05458536;41.21264974;42.49622508
16.00;16.05157276;15.64120446;16.11920661;15.8452472
0.20;0.201495609;0.194408466;0.190227646;0.193952683
0.00;0;0;0;0
0.00;0;0;0;0
0.00;0;0;0;0
0.00;0;0;0;0
0.00;0;0;0;0
0.00;0;0;0;0
0.00;0;0;0;0
0.00;0;0;0;0
0.00;0;0;0;0
0.00;0;0;0;0
0.00;0;0;0;0
0.00;0;0;0;0
6.20;5.935689767;6.330013797;5.820774442;5.973562803
30.80;33.08536543;29.42542369;29.02375783;31.82197733
54.00;56.35010968;54.84795048;50.63145294;57.57504091
72.30;72.18031617;75.24579685;71.8560218;68.19419914
84.50;83.61728335;87.88857205;86.57843731;88.2233813
89.80;94.55491049;94.81262039;91.30121262;93.99265487
87.80;82.97409436;87.31305931;86.88811064;83.65530752
78.60;77.61905841;78.10564037;79.67669;83.22839839
62.80;62.02191419;63.08175316;60.39316981;66.84102032
41.60;38.81956014;39.55417206;43.0114242;39.77263464
16.50;17.47733706;15.41973384;15.43711521;17.79646973
0.20;0.197034954;0.186906012;0.202259958;0.203296786
0.00;0;0;0;0
0.00;0;0;0;0
0.00;0;0;0;0
0.00;0;0;0;0
0.00;0;0;0;0
0.00;0;0;0;0
0.00;0;0;0;0
0.00;0;0;0;0
0.00;0;0;0;0
0.00;0;0;0;0
0.00;0;0;0;0
0.00;0;0;0;0
6.60;6.404006969;6.120883792;6.334295247;6.393754635
31.40;29.78614095;31.23607694;29.36817383;30.79472479
54.60;57.01135147;52.55171467;53.91264842;50.29338945
72.90;71.31910045;72.49893256;68.87971051;68.66608843
85.20;85.1855305;81.8916533;90.89672999;82.70082238
90.40;89.42656432;94.52345324;92.90421267;85.56052756
88.40;88.54346711;94.38650735;93.98415613;90.87985522
79.20;79.00671663;82.380172;84.44418714;74.53192316
63.40;63.82206068;65.87330872;61.18187692;60.81503011
42.10;40.49795309;39.78325844;39.47272589;40.0231525
17.10;17.82900499;18.26989375;18.14320128;17.70254333
0.30;0.302279009;0.293062737;0.279695267;0.300048541
0.00;0;0;0;0
0.00;0;0;0;0
0.00;0;0;0;0
0.00;0;0;0;0
0.00;0;0;0;0
0.00;0;0;0;0
0.00;0;0;0;0
0.00;0;0;0;0
0.00;0;0;0;0
0.00;0;0;0;0
0.00;0;0;0;0
0.00;0;0;0;0
7.00;7.336236568;7.390207348;7.429116301;7.258287313
32.00;31.25475409;30.67555792;30.03408305;33.60410348
55.20;52.62856034;53.84544378;51.88670529;56.1932551
73.60;73.59174135;76.25724195;71.83047506;70.34355955
85.80;80.98111699;80.84480111;92.49205252;82.13047356
91.10;96.25345162;94.56269266;94.96345837;84.69695369
89.00;87.85567259;88.58174416;92.40156922;91.2993433
79.70;80.60534071;78.0071767;84.61854939;78.76777926
63.90;68.82248861;62.78485358;59.74679279;61.93943512
42.70;41.02020762;41.98747882;42.81119195;44.32539938
17.60;18.7485018;18.91786355;17.6299926;18.47932962
0.40;0.394400621;0.413807288;0.373524962;0.414187272
0.00;0;0;0;0
0.00;0;0;0;0
0.00;0;0;0;0
0.00;0;0;0;0
0.00;0;0;0;0
0.00;0;0;0;0
0.00;0;0;0;0
0.00;0;0;0;0
0.00;0;0;0;0
0.00;0;0;0;0
0.00;0;0;0;0
0.00;0;0;0;0
7.40;7.741204672;7.486500154;7.470002883;6.913517277
32.60;32.49235461;32.66141801;33.41093828;30.42383734
55.80;56.26793552;51.69825076;51.48182136;59.05239216
74.20;74.22690137;69.24460482;69.57273131;77.22612928
86.40;80.11262643;83.17111531;89.65703251;89.54283113
91.70;85.44139532;91.29269323;88.80440549;92.33853955
89.60;84.67495695;95.20207743;87.26132263;84.7348341
80.30;82.03083644;81.84127464;74.5836396;82.18599938
64.50;62.55886398;64.93201753;60.71102673;62.6425835
43.20;41.93805645;44.45921007;44.70244366;40.89508242
18.10;19.49601492;16.79589882;16.81764486;19.50560481
0.50;0.460238788;0.509499088;0.537809241;0.488685752
0.00;0;0;0;0
0.00;0;0;0;0
0.00;0;0;0;0
0.00;0;0;0;0
0.00;0;0;0;0
0.00;0;0;0;0
0.00;0;0;0;0
0.00;0;0;0;0
0.00;0;0;0;0
0.00;0;0;0;0
0.00;0;0;0;0
0.00;0;0;0;0
7.90;7.692083929;8.326174643;7.998677369;7.445317287
33.20;33.66619132;34.25533514;33.1963205;32.39143358
56.50;53.21590923;58.07527396;56.65546727;58.13660107
74.80;79.39377691;76.29033376;80.77965746;76.87302067
87.10;92.16993499;92.99535149;83.77892542;90.39095286
92.30;90.40248676;93.48909339;88.28343841;90.47979129
90.20;92.12125244;95.23111809;89.51079288;91.27149578
80.90;74.71490353;82.2528606;77.52180219;78.98811389
65.10;60.10292286;68.31698002;64.34404213;63.04132413
43.80;40.90949284;41.26764819;41.5349966;43.18656564
18.60;17.19680076;18.5270399;18.13382789;19.19573927
0.60;0.619191223;0.574753398;0.607940418;0.643871714
0.00;0;0;0;0
0.00;0;0;0;0
0.00;0;0;0;0
0.00;0;0;0;0
0.00;0;0;0;0
0.00;0;0;0;0
0.00;0;0;0;0
0.00;0;0;0;0
0.00;0;0;0;0
0.00;0;0;0;0
0.00;0;0;0;0
0.00;0;0;0;0
8.30;8.058768448;8.422893948;8.629286975;8.622764164
33.90;31.77726601;31.88030672;34.52793881;32.20446309
57.10;56.73468689;57.4548001;60.84173434;53.31318781
75.50;71.80384021;73.09378812;77.02925392;76.27538135
87.70;93.46413965;87.10302179;85.72147427;91.94598216
92.90;94.81837125;94.95983809;87.52386471;94.44679499
90.80;97.33754689;90.09732901;88.34493702;93.00285385
81.50;86.93175168;84.71734349;76.39354998;79.56139731
65.60;63.78879487;68.2621219;65.94056805;64.87249478
44.30;41.00279135;43.29722812;47.59596503;46.90190107
19.10;19.66787718;18.19823529;17.65083841;18.84827656
0.70;0.70896915;0.667884899;0.712224913;0.728146562
0.00;0;0;0;0
0.00;0;0;0;0
0.00;0;0;0;0
0.00;0;0;0;0
0.00;0;0;0;0
0.00;0;0;0;0
0.00;0;0;0;0
0.00;0;0;0;0
0.00;0;0;0;0
0.00;0;0;0;0
0.00;0;0;0;0
0.00;0;0;0;0
8.80;8.988726011;8.467604805;9.388957727;8.220742233
34.50;35.12175882;36.99082631;36.86825352;34.9781253
57.70;59.55231457;54.26093093;61.86349049;54.93328725
76.10;81.8140772;77.96773523;71.629973;75.42848283
88.30;94.09034381;85.6850369;93.43195865;87.06498636
93.60;95.43201004;96.14277309;100.314216;100.7085924
91.40;97.03324825;92.0294656;93.75868594;84.32773766
82.10;85.06087342;78.77347016;84.81737325;79.25784353
66.20;65.97867962;63.34654968;68.14338472;63.49065308
44.80;47.15055823;41.66793988;41.80308093;47.15348057
19.60;19.8805775;18.71568048;19.81001999;20.26084487
0.80;0.780982769;0.85582344;0.741375676;0.764690619
0.00;0;0;0;0
0.00;0;0;0;0
0.00;0;0;0;0
0.00;0;0;0;0
0.00;0;0;0;0
0.00;0;0;0;0
0.00;0;0;0;0
0.00;0;0;0;0
0.00;0;0;0;0
0.00;0;0;0;0
0.00;0;0;0;0
0.00;0;0;0;0
9.30;8.848264968;9.729331794;9.15683296;9.632318723
35.10;36.34311539;34.87327131;34.20475119;33.59209902
58.40;53.79945026;61.11492296;54.78490096;57.50538284
76.80;75.58607394;75.07563325;76.87835154;82.19665243
89.00;93.70282913;87.68048034;87.32457617;86.65221541
94.20;92.86381508;89.41541962;97.55553425;97.84426072
92.00;84.69104117;98.55104438;94.6428244;96.72624694
82.70;76.15939426;81.38295109;77.41651395;84.98089718
66.70;68.04818461;71.46252398;63.11515842;64.81009588
45.40;43.64401134;48.98845657;44.55618004;47.55883137
20.10;20.86398183;21.28793096;18.5607212;21.15211034
0.90;0.956646939;0.958293722;0.948700471;0.898684379
0.00;0;0;0;0
0.00;0;0;0;0
0.00;0;0;0;0
0.00;0;0;0;0
0.00;0;0;0;0
0.00;0;0;0;0
0.00;0;0;0;0
0.00;0;0;0;0
0.00;0;0;0;0
0.00;0;0;0;0
0.00;0;0;0;0
0.00;0;0;0;0
9.80;10.40035194;9.424215933;9.240520361;9.839729196
35.80;36.72431893;36.51377708;35.02229527;37.36847704
59.00;63.39700842;55.66598269;58.19689617;60.97814481
77.40;77.36309647;80.43649077;74.61209217;72.83919271
89.60;92.96456636;82.79949591;96.45862479;93.34386045
94.80;101.9304541;94.30452233;101.5992649;101.9786331
92.60;96.82598338;93.13270322;86.49813127;96.33221087
83.20;87.93105497;84.41562303;81.27858034;80.01237722
67.30;69.06828258;67.27048823;67.27024376;67.67813127
45.90;43.28649276;47.90000418;46.90774701;44.37796336
20.60;20.832076;21.45224475;21.25842518;21.07114267
1.00;0.971096135;1.04376806;0.944045782;1.067768317
0.00;0;0;0;0
0.00;0;0;0;0
0.00;0;0;0;0
0.00;0;0;0;0
0.00;0;0;0;0
0.00;0;0;0;0
0.00;0;0;0;0
0.00;0;0;0;0
0.00;0;0;0;0
0.00;0;0;0;0
0.00;0;0;0;0
0.00;0;0;0;0
10.40;10.25818048;11.23008698;11.07133298;10.38270765
36.40;34.97116562;34.76434463;36.13049323;37.0566057
59.70;60.47933136;62.43593862;58.57642704;59.60219353
78.10;82.35978861;80.21664895;80.86276604;79.16276849
90.20;91.9935048;93.24341935;89.17968976;96.35127067
95.40;94.82791225;98.88720748;99.16212258;93.87244896
93.20;87.69808762;88.2518123;90.51257329;97.89891337
83.80;80.53881535;81.77119553;90.47317546;80.76966307
67.80;63.19863482;63.48803079;67.05348957;66.94255783
46.40;45.32189511;49.8856015;47.54647211;48.26951528
21.10;19.91218158;19.75743841;19.70597569;20.84009994
1.10;1.040140329;1.085748253;1.073903322;1.147229243
0.00;0;0;0;0
0.00;0;0;0;0
0.00;0;0;0;0
0.00;0;0;0;0
0.00;0;0;0;0
0.00;0;0;0;0
0.00;0;0;0;0
0.00;0;0;0;0
0.00;0;0;0;0
0.00;0;0;0;0
0.00;0;0;0;0
0.00;0;0;0;0
10.90;10.17908407;11.34389201;11.34418246;11.26151536
37.10;36.70287384;34.80545998;39.92499296;39.36478468
60.40;58.66001026;59.32037412;63.29006369;59.84585173
78.70;73.97384606;82.72296768;77.09763637;84.09892676
90.90;94.96043006;84.78380464;94.90873857;95.82049563
96.00;102.9949941;100.7246052;100.6499078;99.92789869
93.80;98.44480743;95.97606839;87.86292483;88.43347427
84.40;78.62409149;80.23998344;86.21246844;78.51912943
68.40;67.41156025;70.73136259;68.51686072;72.06967628
46.90;50.11547467;48.59199359;47.97999818;45.14762423
21.60;22.37461;22.42358398;21.36823259;20.92637161
1.30;1.287121603;1.248582953;1.387466221;1.272808895
0.00;0;0;0;0
0.00;0;0;0;0
0.00;0;0;0;0
0.00;0;0;0;0
0.00;0;0;0;0
0.00;0;0;0;0
0.00;0;0;0;0
0.00;0;0;0;0
0.00;0;0;0;0
0.00;0;0;0;0
0.00;0;0;0;0
0.00;0;0;0;0
11.50;11.46006338;12.2846274;10.79969794;12.16065241
37.70;40.56608478;37.47691884;37.21601475;40.08847884
61.00;65.84864726;59.32391537;58.96343182;62.73339196
79.40;74.39577101;73.07284675;75.56484569;84.5822091
91.50;95.86319289;88.50044475;95.45876883;91.73472572
96.70;100.2055283;95.77207229;93.03852469;101.8898343
94.40;101.1568378;90.94364786;97.95279962;96.57849126
85.00;85.40591828;87.17997571;88.39523675;91.69540569
68.90;69.55348919;69.76989018;72.06659928;64.8037264
47.40;48.48207712;44.33397715;47.92312121;48.54695585
22.00;20.79011649;20.68889245;22.90782954;22.23398564
1.40;1.305135949;1.426639539;1.380741316;1.391711171
0.00;0;0;0;0
0.00;0;0;0;0
0.00;0;0;0;0
0.00;0;0;0;0
0.00;0;0;0;0
0.00;0;0;0;0
0.00;0;0;0;0
0.00;0;0;0;0
0.00;0;0;0;0
0.00;0;0;0;0
0.00;0;0;0;0
0.00;0;0;0;0
12.10;12.70880415;12.71412426;12.25955414;12.40654947
38.40;39.8847366;41.37806753;41.33640462;39.4923458
61.70;60.39264735;58.27542526;60.20761105;59.29746647
80.00;73.95045376;81.37295956;83.35455631;75.71912408
92.20;97.60940886;86.3875996;86.82122255;85.44858622
97.30;96.64987581;98.77478032;99.51246249;91.55344199
95.00;91.89247869;92.59279423;91.86122259;91.44237506
85.50;90.11744562;83.17932602;87.59171249;79.02371874
69.50;68.89290279;70.21264579;73.04517062;66.65550603
48.00;49.0684566;50.33525006;45.07789032;44.79644368
22.50;22.46571195;20.81020346;22.4771071;21.25169622
1.60;1.54381518;1.672540703;1.64627058;1.697668105
0.00;0;0;0;0
0.00;0;0;0;0
0.00;0;0;0;0
0.00;0;0;0;0
0.00;0;0;0;0
0.00;0;0;0;0
0.00;0;0;0;0
0.00;0;0;0;0
0.00;0;0;0;0
0.00;0;0;0;0
0.00;0;0;0;0
0.00;0;0;0;0
12.80;11.89451549;12.26084605;13.27852996;12.64735883
39.10;38.57697724;40.8574175;40.46604024;37.74946621
62.30;63.18436055;60.31465888;66.52268809;66.24709842
80.70;86.00252967;75.96605999;79.60254478;86.05354304
92.80;90.50676471;87.87044905;87.35762996;91.45612404
97.90;99.84076546;103.8284147;105.2453289;100.2185538
95.60;95.62235169;97.45595065;95.49051767;89.93638221
86.10;85.70446574;82.96086694;83.1070979;89.10381439
70.00;67.62902474;70.42583339;72.68403851;71.74394018
48.50;45.65782458;46.53348322;50.69502715;46.68211486
23.00;22.5976185;21.42249382;24.52737285;21.6221505
1.70;1.77869332;1.577238772;1.661635451;1.738254144
0.00;0;0;0;0
0.00;0;0;0;0
0.00;0;0;0;0
0.00;0;0;0;0
0.00;0;0;0;0
0.00;0;0;0;0
0.00;0;0;0;0
0.00;0;0;0;0
0.00;0;0;0;0
0.00;0;0;0;0
0.00;0;0;0;0
0.00;0;0;0;0
13.40;13.7064232;12.84558464;13.35652442;13.50304118
39.80;42.08878327;40.35824851;38.64329603;42.85985389
63.00;63.36145926;59.06903953;58.72424547;63.77599505
81.30;85.03799006;76.28892995;78.98657664;82.14694182
93.40;94.29724209;92.09810489;97.37139836;86.19100116
98.50;90.98657769;98.21955284;90.74358781;102.893683
96.20;100.8799736;99.83137987;95.90374211;99.20427384
86.60;91.52833326;86.37642752;93.10037607;92.61542029
70.50;75.04356361;75.28005379;74.96868272;72.42988048
49.00;49.35195804;46.0004302;45.10426588;47.08705818
23.50;24.82799197;24.73885824;21.83198456;22.71769708
1.90;1.957153042;1.918252424;1.973869541;1.781387204
0.00;0;0;0;0
0.00;0;0;0;0
0.00;0;0;0;0
0.00;0;0;0;0
0.00;0;0;0;0
0.00;0;0;0;0
0.00;0;0;0;0
0.00;0;0;0;0
0.00;0;0;0;0
0.00;0;0;0;0
0.00;0;0;0;0
0.00;0;0;0;0
14.10;13.25383575;13.54452627;13.00648446;13.6413384
40.40;43.49018879;37.89061096;37.33292859;40.50109842
63.70;63.99748018;63.32697086;67.56732751;61.02864281
82.00;83.53821504;84.34701906;88.48793185;79.25059189
94.10;98.76459145;97.4836634;98.37470113;89.9283692
99.10;94.02251373;94.2211182;91.91182661;102.7628011
96.80;98.68798624;98.71544415;89.52681517;89.48787642
87.20;88.3392634;84.75171749;90.84348904;83.43191939
71.10;76.76930985;69.52244435;73.14746482;70.3652198
49.50;49.50935328;48.28539619;53.17713023;45.59744611
24.00;25.10244712;23.12646622;23.11939432;24.0757814
2.10;2.028451186;2.012756849;2.237858235;2.005234911
0.00;0;0;0;0
0.00;0;0;0;0
0.00;0;0;0;0
0.00;0;0;0;0
0.00;0;0;0;0
0.00;0;0;0;0
0.00;0;0;0;0
0.00;0;0;0;0
0.00;0;0;0;0
0.00;0;0;0;0
0.00;0;0;0;0
0.00;0;0;0;0
14.70;13.78042208;14.89536783;14.5375974;15.47755729
41.10;43.29347541;43.11662821;43.43361402;43.9444605
64.40;66.05460845;64.80883275;64.85880219;60.15226994
82.60;79.72686432;76.23443797;86.74807006;83.89191632
94.70;90.97286867;90.26434898;91.25178384;101.999821
99.70;104.660386;101.570463;94.03306587;92.19053758
97.30;94.43436168;103.3206717;104.1582687;101.8824297
87.70;94.38024988;87.15138793;82.03563288;93.55537895
71.60;67.79388268;72.16043042;68.35941575;73.13494955
50.00;52.19617037;46.23121932;52.3021797;50.7217536
24.50;22.66551843;24.29063151;24.62779345;26.3723987
2.20;2.284076339;2.210337987;2.254974398;2.060305173
0.00;0;0;0;0
0.00;0;0;0;0
0.00;0;0;0;0
0.00;0;0;0;0
0.00;0;0;0;0
0.00;0;0;0;0
0.00;0;0;0;0
0.00;0;0;0;0
0.00;0;0;0;0
0.00;0;0;0;0
0.00;0;0;0;0
0.10;0.092740941;0.093761296;0.096900093;0.10729856
15.40;14.20154289;15.5363274;15.83693822;16.31554579
41.80;39.54191622;44.26663534;42.4823129;41.33963349
65.00;60.28723541;62.12408942;66.63727554;61.39567471
83.30;86.29230383;89.67338183;80.61809747;79.13000051
95.30;94.93706085;94.3214714;91.69344935;95.65811701
100.30;96.09048841;102.596633;97.02837376;92.7262515
97.90;97.11766522;97.09536509;102.6161661;95.96199408
88.30;86.63835499;86.80995486;93.62423328;87.77256253
72.10;68.75063402;68.78439527;74.33256137;73.43848891
50.50;53.29458876;48.05046302;50.68721533;53.37122245
24.90;26.78936569;26.33296053;26.8685756;23.4561527
2.40;2.247001887;2.295743131;2.386903092;2.329583765
0.00;0;0;0;0
0.00;0;0;0;0
0.00;0;0;0;0
0.00;0;0;0;0
0.00;0;0;0;0
0.00;0;0;0;0
0.00;0;0;0;0
0.00;0;0;0;0
0.00;0;0;0;0
0.00;0;0;0;0
0.00;0;0;0;0
0.10;0.106555001;0.107931994;0.097422754;0.103585478
16.10;17.26762151;17.01206844;16.09493679;15.17492356
42.50;39.70524399;44.62884131;43.98793024;44.95283771
65.70;65.07628171;63.18231953;65.24688066;61.9136801
83.90;88.20773492;82.0924538;81.03264009;82.89016814
95.90;93.98281194;99.37013917;102.339296;96.87337627
100.90;94.01439459;101.0287075;100.6102785;106.6562613
98.50;99.16278626;95.72309178;93.64794405;100.4978184
88.80;85.87831449;94.60623841;84.04065923;92.27002025
72.60;73.111658;70.13202657;77.63589101;75.89378035
51.00;47.25893224;53.14001228;54.2473947;50.57075325
25.40;27.04245559;25.89652054;24.68662716;26.0710816
2.60;2.615770643;2.643621538;2.452405225;2.69764769
0.00;0;0;0;0
0.00;0;0;0;0
0.00;0;0;0;0
0.00;0;0;0;0
0.00;0;0;0;0
0.00;0;0;0;0
0.00;0;0;0;0
0.00;0;0;0;0
0.00;0;0;0;0
0.00;0;0;0;0
0.00;0;0;0;0
0.20;0.188219586;0.198701945;0.213211052;0.209817008
16.70;17.4519802;16.0332528;15.96861922;17.87890408
43.20;45.04296213;39.80001765;43.17356678;44.24925755
66.40;66.48293876;61.93388835;71.67403598;70.85143782
84.60;85.35031383;79.87453805;87.85345296;91.27731396
96.60;95.49831361;102.4001288;89.37644866;98.47257398
101.50;107.9432694;109.3352479;93.85289725;107.0959927
99.00;100.7924707;106.8294804;106.8300803;95.91921432
89.40;87.77865251;87.69733994;89.59811926;94.69849547
73.10;74.12102304;75.47755007;73.91976588;74.88587821
51.50;55.39304412;51.65724406;54.56038326;52.8526339
25.90;25.43238383;27.43500641;26.35382368;27.59790645
2.80;2.89847865;2.832199945;2.789282585;2.987282783
0.00;0;0;0;0
0.00;0;0;0;0
0.00;0;0;0;0
0.00;0;0;0;0
0.00;0;0;0;0
0.00;0;0;0;0
0.00;0;0;0;0
0.00;0;0;0;0
0.00;0;0;0;0
0.00;0;0;0;0
0.00;0;0;0;0
0.30;0.277381747;0.299591382;0.319545393;0.292550441
17.40;17.18322464;18.20302441;17.48940893;16.61080235
43.90;40.62485823;41.41077258;41.75805;45.73779999
67.00;71.5576158;70.46400217;61.84349214;69.43569159
85.20;79.60352874;84.64482609;86.34672448;80.00378698
97.20;90.87009818;94.96563932;104.57375;96.78930747
102.10;99.77015453;107.6604047;101.6836485;103.3455453
99.60;97.53863501;100.5811063;99.95439848;107.2988063
89.90;85.40831171;91.73812277;83.65519391;93.78850413
73.60;70.45583373;77.64622662;70.22666185;74.83381363
51.90;48.24964669;52.08290824;52.7561731;54.57211355
26.40;24.75525788;24.30304184;25.74910614;27.3330601
3.00;3.093046485;2.836681947;3.097161226;3.116378348
0.00;0;0;0;0
0.00;0;0;0;0
0.00;0;0;0;0
0.00;0;0;0;0
0.00;0;0;0;0
0.00;0;0;0;0
0.00;0;0;0;0
0.00;0;0;0;0
0.00;0;0;0;0
0.00;0;0;0;0
0.00;0;0;0;0
0.40;0.428888926;0.371149974;0.43184786;0.377238861
18.10;17.32176462;17.5574233;17.05562207;18.74526345
44.50;42.0308508;47.02395502;43.7687892;44.79006461
67.70;68.97036715;67.59822739;63.46778631;65.86459049
85.90;82.73499321;86.09314586;88.45716546;91.88191714
97.80;104.7739187;101.3102527;91.48194284;93.02583202
102.70;110.016369;108.4471844;110.5322291;110.4672296
100.20;96.17097232;101.1771839;107.9445015;107.7882044
90.40;87.83172357;86.27905579;94.35575197;88.74431467
74.10;75.90364079;68.38994555;69.60883921;78.46795722
52.40;52.65082279;55.45889116;56.25414389;48.73938825
26.80;26.96796063;26.59712359;28.8575392;25.36083095
3.20;3.244249189;3.208576114;3.137079407;3.262316424
0.00;0;0;0;0
0.00;0;0;0;0
0.00;0;0;0;0
0.00;0;0;0;0
0.00;0;0;0;0
0.00;0;0;0;0
0.00;0;0;0;0
0.00;0;0;0;0
0.00;0;0;0;0
0.00;0;0;0;0
0.00;0;0;0;0
0.50;0.508067599;0.508417226;0.463251595;0.507355165
18.80;17.69754464;19.08428911;19.73065539;19.84998109
45.20;43.28456367;48.20557792;47.54070374;43.05477592
68.40;70.84428973;70.117745;70.70446917;67.8865714
86.50;85.4209228;91.98332736;84.99306134;90.49810426
98.40;102.8440523;102.7327396;92.75269735;92.04217951
103.30;109.7278392;107.088198;103.3032263;107.4890592
100.70;101.1436612;94.42808864;97.63397331;98.13282662
90.90;95.94420566;95.17114559;89.61643407;96.12730353
74.60;69.94073166;77.33087808;71.81484066;76.1573138
52.90;48.79826687;51.69367408;51.84231422;49.75810842
27.30;27.63242351;28.97234233;26.15419383;25.24576458
3.50;3.73295345;3.59262207;3.71542306;3.768348092
0.00;0;0;0;0
0.00;0;0;0;0
0.00;0;0;0;0
0.00;0;0;0;0
0.00;0;0;0;0
0.00;0;0;0;0
0.00;0;0;0;0
0.00;0;0;0;0
0.00;0;0;0;0
0.00;0;0;0;0
0.00;0;0;0;0
0.70;0.746617707;0.661796036;0.673863702;0.723927744
19.50;20.77153038;20.29066616;19.37988922;19.60501681
45.90;43.05581563;44.01192226;46.08317139;45.41261272
69.00;74.39366018;63.59710635;67.08530344;69.27627772
87.20;89.32343881;84.63060715;86.54152431;93.50796527
99.00;96.69604019;99.57592857;92.83996181;99.06657191
103.80;111.2894126;104.0576813;97.61557081;107.6867754
101.30;103.702287;97.00239419;104.4867388;102.9567037
91.50;87.11284691;85.84969782;92.17294462;90.78829423
75.10;69.46083448;76.74351328;77.49939388;72.84394844
53.40;51.97083576;57.47903683;53.15037095;52.73903964
27.70;26.01051706;29.366977;27.79997869;27.1598999
3.70;3.759832681;3.495037633;3.601415737;3.692327883
0.00;0;0;0;0
0.00;0;0;0;0
0.00;0;0;0;0
0.00;0;0;0;0
0.00;0;0;0;0
0.00;0;0;0;0
0.00;0;0;0;0
0.00;0;0;0;0
0.00;0;0;0;0
0.00;0;0;0;0
0.00;0;0;0;0
0.80;0.851178756;0.76641221;0.806023918;0.826810382
20.20;19.73718969;19.40219208;19.84240139;21.44837827
46.60;48.23639684;49.58792591;47.61380785;47.7885171
69.70;69.9849259;70.55260062;65.36807206;74.28614056
87.80;93.17248651;82.11838762;84.4389156;92.69914078
99.60;96.67870582;93.69434394;92.66456206;106.9468984
104.40;102.7453809;102.7788293;109.9227267;103.3087358
101.80;99.76573446;109.1328757;109.5939456;99.84929299
92.00;88.25018828;96.63818466;85.99439862;89.01145399
75.60;77.94827302;76.87700879;72.77150279;74.57431556
53.80;53.65727029;53.08672239;56.50472346;50.76028983
28.20;29.80515723;26.00360407;26.74031926;28.43195861
3.90;3.736356238;3.81539727;3.893474706;3.648930167
0.00;0;0;0;0
0.00;0;0;0;0
0.00;0;0;0;0
0.00;0;0;0;0
0.00;0;0;0;0
0.00;0;0;0;0
0.00;0;0;0;0
0.00;0;0;0;0
0.00;0;0;0;0
0.00;0;0;0;0
0.00;0;0;0;0
1.00;1.053653258;1.071305988;1.061262847;1.054766459
20.90;19.71066848;19.34868692;21.91670439;19.47342317
47.30;48.24419886;46.44016466;48.36044914;48.44765477
70.40;70.24314392;67.27585353;69.57283032;69.45587436
88.40;89.45198233;87.53700159;88.31879982;84.16432397
100.20;99.89399861;93.85425125;93.76364897;104.5975975
105.00;102.1022707;111.0437649;111.3151584;97.42944549
102.30;102.6415463;106.9644649;104.3346968;100.901679
92.50;99.50648555;86.26735401;92.10984732;90.45142717
76.10;79.26133249;78.15826336;80.94121355;73.68325212
54.30;58.48394588;52.71362399;50.4820316;56.29565644
28.60;30.86146628;28.52296592;26.67756197;27.78985858
4.20;3.95865829;4.210152232;4.388200412;4.303770572
0.00;0;0;0;0
0.00;0;0;0;0
0.00;0;0;0;0
0.00;0;0;0;0
0.00;0;0;0;0
0.00;0;0;0;0
0.00;0;0;0;0
0.00;0;0;0;0
0.00;0;0;0;0
0.00;0;0;0;0
0.00;0;0;0;0
1.20;1.110769649;1.291789422;1.210197095;1.174517966
21.60;21.58465091;22.40793693;22.79115759;22.63861221
48.00;45.95141594;49.64724996;47.41551274;44.62891349
71.00;70.77711909;68.0704474;69.09169882;71.29427428
89.10;83.38989017;83.45245991;86.95773037;95.7465079
100.80;101.5107148;105.2512986;108.069044;102.3299903
105.50;106.1222982;97.26140391;100.6110233;110.5434299
102.80;96.68705732;99.5757138;109.7641366;105.9912824
93.00;94.25663996;91.19484306;94.98150078;98.00234304
76.50;77.21603363;76.36843553;73.91279884;70.80961285
54.70;54.32981792;56.57308875;54.53327334;55.0452595
29.10;27.69765595;27.37477725;31.12421899;27.12093098
4.40;4.08563998;4.527062479;4.360497602;4.447119348
0.00;0;0;0;0
0.00;0;0;0;0
0.00;0;0;0;0
0.00;0;0;0;0
0.00;0;0;0;0
0.00;0;0;0;0
0.00;0;0;0;0
0.00;0;0;0;0
0.00;0;0;0;0
0.00;0;0;0;0
0.00;0;0;0;0
1.40;1.470176173;1.503032124;1.423720304;1.451297414
22.30;22.95796712;23.94643602;22.39146196;22.91194614
48.70;48.92305961;45.76763478;50.66082702;50.42188483
71.70;72.39417348;72.71904905;68.8163503;69.06057701
89.70;90.87532227;90.21185138;93.84693293;85.8244132
101.40;93.9333862;100.5497948;101.57342;105.2643569
106.10;106.9179272;106.908725;106.7810914;108.3532068
103.40;110.9098068;104.6631139;100.3672752;101.8098867
93.40;96.53574349;100.5631286;98.30109412;86.14279839
77.00;72.97842214;77.25662193;77.14051663;73.99090979
55.20;55.56047315;55.69601842;55.47516617;55.94258022
29.50;28.11202741;30.28267934;31.37107964;30.70732652
4.70;4.688412749;4.353835026;4.452130144;4.53122045
0.00;0;0;0;0
0.00;0;0;0;0
0.00;0;0;0;0
0.00;0;0;0;0
0.00;0;0;0;0
0.00;0;0;0;0
0.00;0;0;0;0
0.00;0;0;0;0
0.00;0;0;0;0
0.00;0;0;0;0
0.00;0;0;0;0
1.60;1.601325975;1.590342504;1.531469655;1.475059336
23.00;21.91431848;23.9391491;22.63362942;21.83602786
49.40;47.67064261;49.52191756;48.53236474;46.95000135
72.40;74.6492472;71.69734117;72.63700581;76.64901884
90.30;96.69133641;90.02062775;86.30487385;93.64079905
102.00;98.78192769;103.4615138;94.17575437;96.00976599
106.60;102.1754846;107.6685031;104.8414661;98.80639149
103.90;104.3516856;106.5025356;110.6332199;104.6329442
93.90;96.59125983;96.27574222;91.26263975;87.55087062
77.50;83.64002986;83.16887661;79.63544908;75.47573267
55.60;54.90234176;58.33650027;55.09855576;53.87532138
30.00;30.29603973;31.96404908;30.78800433;29.56471117
4.90;4.894734621;4.999472751;4.542862648;4.933948973
0.00;0;0;0;0
0.00;0;0;0;0
0.00;0;0;0;0
0.00;0;0;0;0
0.00;0;0;0;0
0.00;0;0;0;0
0.00;0;0;0;0
0.00;0;0;0;0
0.00;0;0;0;0
0.00;0;0;0;0
0.00;0;0;0;0
1.90;2.034808774;1.910731046;2.025363284;1.978028769
23.70;24.64309031;23.06526427;23.74803559;25.54829139
50.10;47.25512271;48.78680554;47.16142815;53.66128583
73.00;71.03751605;72.90306023;76.99073112;67.48093201
90.90;96.31542543;88.66102102;94.7052236;93.08603626
102.60;100.2815032;102.8912364;95.03987745;106.6362447
107.20;109.2880957;104.8107433;105.825801;101.3164117
104.40;107.0616494;109.0990448;104.6437802;102.0130688
94.40;87.56979727;90.46519615;87.49856406;94.40006074
77.90;82.79906096;76.46218576;82.63175399;77.92620061
56.10;55.87242797;52.41703845;60.30544007;56.3255087
30.40;28.55663417;28.66110645;28.51936006;28.46668874
5.20;5.508230539;5.565938119;5.214583709;4.880717911
0.00;0;0;0;0
0.00;0;0;0;0
0.00;0;0;0;0
0.00;0;0;0;0
0.00;0;0;0;0
0.00;0;0;0;0
0.00;0;0;0;0
0.00;0;0;0;0
0.00;0;0;0;0
0.00;0;0;0;0
0.00;0;0;0;0
2.10;2.085480434;2.080906779;2.213552196;1.999209128
24.40;23.97842876;24.02226735;25.67533036;26.11476772
50.70;51.6931213;49.85176817;48.58205935;47.38071672
73.70;73.11173982;70.07163098;74.50682996;71.40216483
91.60;95.90951419;91.72524474;88.12985451;95.99317533
103.20;96.3498455;99.13438913;98.53994347;107.4841816
107.70;101.6450324;99.49982551;101.8405038;112.5877803
104.90;104.4087531;109.3123942;100.4379855;101.6802561
94.90;96.90162468;89.32010995;94.6545948;87.47838712
78.40;80.5555755;75.13916385;81.79015566;81.32935312
56.50;58.23088489;52.73248782;53.42893938;58.88886125
30.80;29.18863993;29.44018054;28.67540688;31.55407934
5.40;5.148816977;5.48425435;5.511450386;5.644634957
0.00;0;0;0;0
0.00;0;0;0;0
0.00;0;0;0;0
0.00;0;0;0;0
0.00;0;0;0;0
0.00;0;0;0;0
0.00;0;0;0;0
0.00;0;0;0;0
0.00;0;0;0;0
0.00;0;0;0;0
0.00;0;0;0;0
2.40;2.321372646;2.257878151;2.438283515;2.497625221
25.10;26.62785567;26.11186449;24.84259461;23.76895099
51.40;52.60967112;52.71848617;54.10585969;54.03110423
74.30;71.62293242;68.80484275;71.1654975;78.6953073
92.20;90.99544264;98.0193847;91.74263111;85.98755435
103.70;111.3328201;100.5901546;101.7791712;106.1238813
108.20;105.3678614;105.8429022;109.7054198;114.8226405
105.40;101.7394481;104.0492531;108.9195659;109.9136051
95.40;99.72491812;91.0225631;95.23542899;98.13294503
78.80;82.70169886;78.9933302;73.69509896;81.0517202
57.00;57.53002884;58.89100962;61.29798329;53.68356106
31.30;32.8630098;31.72731848;30.42592881;30.671535
5.70;6.028230288;6.148525552;5.922768355;5.883548094
0.00;0;0;0;0
0.00;0;0;0;0
0.00;0;0;0;0
0.00;0;0;0;0
0.00;0;0;0;0
0.00;0;0;0;0
0.00;0;0;0;0
0.00;0;0;0;0
0.00;0;0;0;0
0.00;0;0;0;0
0.00;0;0;0;0
2.70;2.713620853;2.728044799;2.620791139;2.868933784
25.80;27.28683735;27.17656795;26.3908987;26.44260078
52.10;54.06941761;55.41866969;53.58659617;55.10448153
75.00;80.37163756;70.11261937;79.3854339;76.35965627
92.80;98.57545224;91.07469609;91.81958492;99.39346041
104.30;97.94403159;97.23145003;110.3164591;102.6597125
108.80;101.8380479;109.2416456;116.256226;102.0804592
105.90;112.9097429;99.84612903;110.5851574;99.37540189
95.80;100.3313213;99.78099987;98.50925319;98.31776412
79.30;73.70420975;74.10283871;73.04472221;74.32536243
57.40;61.80626657;57.77856849;56.93307597;54.06254602
31.70;31.16038958;32.87847532;30.20733184;30.93339314
6.00;6.08040981;5.665481302;5.73186726;5.875356817
0.00;0;0;0;0
0.00;0;0;0;0
0.00;0;0;0;0
0.00;0;0;0;0
0.00;0;0;0;0
0.00;0;0;0;0
0.00;0;0;0;0
0.00;0;0;0;0
0.00;0;0;0;0
0.00;0;0;0;0
0.00;0;0;0;0
3.00;2.837943015;3.032730595;3.04292158;3.157811363
26.50;24.81130514;28.52348363;26.81498591;27.15066395
52.80;51.90895906;50.88375353;55.28120898;51.41711206
75.60;77.81373001;72.1399617;80.54415605;74.691071
93.40;93.19729929;92.69871526;91.7407749;92.87602442
104.90;98.91363162;109.4887364;110.0078339;103.6445204
109.30;104.9752744;114.1136817;112.7668833;101.6289871
106.40;110.784464;105.3063458;112.6656094;106.4446213
96.30;88.87780279;94.07440343;96.05471641;99.17075028
79.70;79.62942871;74.61046134;73.59529534;79.75684907
57.80;61.66210869;56.85894088;55.25114788;62.16916638
32.10;30.49310368;34.36948762;34.37606387;31.48926047
6.30;6.001004687;6.751466616;6.500465339;6.357796296
0.00;0;0;0;0
0.00;0;0;0;0
0.00;0;0;0;0
0.00;0;0;0;0
0.00;0;0;0;0
0.00;0;0;0;0
0.00;0;0;0;0
0.00;0;0;0;0
0.00;0;0;0;0
0.00;0;0;0;0
0.00;0;0;0;0
3.30;3.508062131;3.192728171;3.254680339;3.214694344
27.20;26.76919876;28.95464307;25.45799365;28.31287624
53.40;56.89679485;50.37201753;49.2588449;56.01671141
76.20;70.81542229;79.2709715;73.10958531;78.31295544
94.00;94.33238937;89.40201664;99.23856766;101.1030527
105.40;113.5518586;98.81170582;100.9363731;104.7219707
109.80;105.538715;107.4864349;109.0053328;109.0815619
106.80;108.9583274;101.1237854;106.8865521;115.0862706
96.70;104.4156456;94.30154078;100.3892324;89.49456657
80.10;82.43850421;86.10517295;84.51873482;84.39311983
58.20;61.28126932;55.32433379;55.22042642;57.45378771
32.60;31.54415011;33.23858001;34.25018044;33.00143099
6.60;6.705200542;7.034794289;6.663267572;7.082369102
0.00;0;0;0;0
0.00;0;0;0;0
0.00;0;0;0;0
0.00;0;0;0;0
0.00;0;0;0;0
0.00;0;0;0;0
0.00;0;0;0;0
0.00;0;0;0;0
0.00;0;0;0;0
0.00;0;0;0;0
0.00;0;0;0;0
3.70;3.500583902;3.4675343;3.432273031;3.765375825
27.90;26.88372575;27.60231033;29.53946235;28.21601415
54.10;56.67057955;53.7223522;55.79490247;56.78620971
76.90;76.41636299;73.12157489;80.34816655;73.11677077
94.50;100.5033858;90.6624828;90.22921171;90.28540427
105.90;98.59993927;106.9363302;103.7534496;104.5975359
110.30;103.2686474;111.4870412;107.9833743;118.5410453
107.30;104.7392024;111.7202848;100.7207348;105.1633674
97.20;97.20846357;95.33058297;90.72566212;95.17198245
80.60;81.51495479;86.2238548;82.58011314;81.19565623
58.70;57.70493149;61.59140042;57.64717847;58.71386215
33.00;33.07801922;33.74856517;34.68495356;33.78578216
6.90;6.735124708;7.305704407;7.038305133;6.584208558
0.00;0;0;0;0
0.00;0;0;0;0
0.00;0;0;0;0
0.00;0;0;0;0
0.00;0;0;0;0
0.00;0;0;0;0
0.00;0;0;0;0
0.00;0;0;0;0
0.00;0;0;0;0
0.00;0;0;0;0
0.00;0;0;0;0
4.10;4.235954489;3.846976398;4.273842627;3.954790196
28.60;28.42177561;29.32882048;27.93767315;28.58682253
54.80;51.99770838;52.16598422;53.1186708;58.75945202
77.50;75.09048194;73.00815215;82.74725485;82.27393392
95.10;98.55740156;99.40607794;91.98295716;89.67648814
106.50;111.3673559;100.8231371;111.419754;113.0789406
110.80;114.9900608;109.6333918;105.2817783;113.0605164
107.80;107.0373648;106.5507949;104.9179235;106.1975911
97.60;105.2243097;92.06415399;102.0380068;93.15482416
81.00;83.42219145;84.41952222;80.06764189;86.07882225
59.10;59.69482842;60.87510298;59.01405661;54.52656638
33.40;35.48443752;35.51143516;33.80460872;33.17456415
7.20;7.309639857;7.111735422;7.020149896;6.964934139
0.00;0;0;0;0
0.00;0;0;0;0
0.00;0;0;0;0
0.00;0;0;0;0
0.00;0;0;0;0
0.00;0;0;0;0
0.00;0;0;0;0
0.00;0;0;0;0
0.00;0;0;0;0
0.00;0;0;0;0
0.00;0;0;0;0
4.40;4.113003214;4.178466242;4.377967008;4.610376937
29.30;31.26902695;28.01555894;31.1650356;28.2707983
55.40;51.4625209;59.32581369;50.97210718;52.96322715
78.10;77.3648635;81.44223058;77.20267558;78.60626121
95.70;97.42572178;96.85831892;97.38193037;100.9503167
107.00;105.3367495;109.5331286;115.0879956;98.95319378
111.30;118.8318446;113.8780345;112.0479534;106.2079795
108.20;103.5722836;106.7769487;102.4442087;107.1326089
98.00;94.50578114;96.57366811;100.3648814;97.95130544
81.40;74.99818431;81.61709007;86.10043506;75.34883273
59.50;55.41157748;60.50741757;58.66363175;62.63244044
33.80;32.1658792;35.19671703;32.85879729;34.6946538
7.50;7.706457775;6.935869999;6.977502577;7.287368612
;;;;
;;;;
;;;;
;;;;
;;;;
;;;;
;;;;
;;;;
;;;;
;;;;
;;;;
;;;;
;;;;
;;;;
;;;;
;;;;
;;;;
;;;;
;;;;
;;;;
;;;;
;;;;
;;;;
;;;;
;;;;
